Book Id,Title,Author,Author l-f,Additional Authors,ISBN,ISBN13,My Rating,Average Rating,Publisher,Binding,Number of Pages,Year Published,Original Publication Year,Date Read,Date Added,Bookshelves,Bookshelves with positions,Exclusive Shelf,My Review,Spoiler,Private Notes,Read Count,Owned Copies
49398072,When No One Is Watching,Alyssa Cole,"Cole, Alyssa",,"=""0062982656""","=""9780062982650""",0,3.47,William Morrow Paperbacks,Paperback,352,2020,2020,,2025/08/28,to-read,to-read (#208),to-read,,,,0,0
123429195,That's Not My Name,Megan Lally,"Lally, Megan",,"=""1728270111""","=""9781728270111""",4,4.06,Sourcebooks Fire,Paperback,297,2023,2023,2025/08/28,2025/08/27,,,read,,,,1,0
55138263,"Before She Disappeared (Frankie Elkin, #1)",Lisa Gardner,"Gardner, Lisa",,"=""1524745049""","=""9781524745042""",0,3.97,Dutton,Hardcover,400,2021,2021,,2025/08/27,to-read,to-read (#207),to-read,,,,0,0
22545465,The Unquiet Dead (Rachel Getty & Esa Khattak #1),Ausma Zehanat Khan,"Khan, Ausma Zehanat",,"=""1250055113""","=""9781250055118""",0,3.83,Minotaur Books,Hardcover,352,2015,2015,,2025/08/27,to-read,to-read (#206),to-read,,,,0,0
25067570,"Evil Games (DI Kim Stone, #2)",Angela Marsons,"Marsons, Angela",,"=""""","=""""",0,4.31,Bookouture,ebook,352,2015,2015,,2025/08/27,to-read,to-read (#205),to-read,,,,0,0
24483265,"Silent Scream (DI Kim Stone, #1)",Angela Marsons,"Marsons, Angela",,"=""1909490911""","=""9781909490918""",0,4.07,Bookouture,ebook,390,2015,2015,,2025/08/27,to-read,to-read (#204),to-read,,,,0,0
217287512,"Taboo: Conversations We Never Had About Sex, Body Image, Work and Relationships",Hannah Ferguson,"Ferguson, Hannah",,"=""1923135066""","=""9781923135062""",4,4.20,Affirm Press,Kindle Edition,206,2024,2024,2025/08/27,2025/08/15,,,read,,,,1,0
203326212,The Prediction (The Jolvix Episodes #1),Faith   Gardner,"Gardner, Faith",,"=""""","=""""",4,3.80,Mirror House Press,Kindle Edition,,2023,2022,2025/08/27,2025/08/25,,,read,,,,1,0
7108725,Start with Why: How Great Leaders Inspire Everyone to Take Action,Simon Sinek,"Sinek, Simon",,"=""1591842808""","=""9781591842804""",3,4.10,Portfolio,Hardcover,256,2009,2009,2025/07/01,2025/04/02,,,read,,,,1,0
58784475,"Tomorrow, and Tomorrow, and Tomorrow",Gabrielle Zevin,"Zevin, Gabrielle",,"=""0735243344""","=""9780735243347""",0,4.12,Knopf,Hardcover,401,2022,2022,,2025/07/06,to-read,to-read (#203),to-read,,,,1,0
220817728,Atmosphere,Taylor Jenkins Reid,"Reid, Taylor Jenkins",,"=""""","=""""",0,4.38,Ballantine Books,Hardcover,352,2025,2025,,2025/08/25,to-read,to-read (#202),to-read,,,,0,0
214312329,What Does It Feel Like?,Sophie Kinsella,"Kinsella, Sophie",,"=""0593977564""","=""9780593977569""",4,4.22,The Dial Press,Hardcover,133,2024,2024,2025/06/01,2025/06/22,,,read,,,,1,0
207567539,The Truck Cat,Deborah Frenkel,"Frenkel, Deborah",Danny Snell,"=""176121229X""","=""9781761212291""",3,4.59,Bright Light,Hardcover,32,2024,,2025/06/01,2025/06/26,,,read,It's toooooo short!,,,1,0
18290401,Show Your Work!: 10 Ways to Share Your Creativity and Get Discovered,Austin Kleon,"Kleon, Austin",,"=""076117897X""","=""9780761178972""",4,4.09,Workman Publishing Company,Paperback,215,2014,2014,2024/06/14,2024/06/14,,,read,"This book has been on my reading list for a long time, and I finally read it. In my view, the best books motivate you to do something you never thought of before or thought you couldn't do, and this book did just that. While reading this book, I decided to show more work on LinkedIn, even if it is not perfect. I also realized that I should finish my site soon, rent a server, buy a unique domain name, and publish articles and videos.",,,1,0
220921867,"The Housemaid's Wedding (The Housemaid, #2.5)",Freida McFadden,"McFadden, Freida",,"=""""","=""""",2,3.34,Hollywood Upstairs Press,Kindle Edition,76,2024,2024,2025/08/14,2025/08/13,,,read,,,,1,0
195967140,The Teacher,Freida McFadden,"McFadden, Freida",,"=""1728296218""","=""9781728296210""",2,3.90,Poisoned Pen Press,Paperback,379,2024,2024,2025/08/20,2025/08/19,,,read,,,,1,0
61885120,Fire with Fire,Candice Fox,"Fox, Candice",,"=""125087596X""","=""9781250875969""",0,4.18,Forge Books,Hardcover,314,2023,2023,,2025/08/25,to-read,to-read (#201),to-read,,,,0,0
61175204,The Inmate,Sebastian Fitzek,"Fitzek, Sebastian",,"=""1804542318""","=""9781804542316""",0,4.22,Head of Zeus -- an Aries Book,Kindle Edition,400,2023,2018,,2025/08/25,to-read,to-read (#200),to-read,,,,0,0
35458732,"Close to Home (DI Adam Fawley, #1)",Cara Hunter,"Hunter, Cara",,"=""0143131052""","=""9780143131052""",0,4.00,Penguin Books,Paperback,289,2018,2017,,2025/08/25,to-read,to-read (#199),to-read,,,,0,0
34655417,Appetite for Innocence,Lucinda Berry,"Berry, Lucinda",,"=""""","=""""",0,4.06,Rise Press,ebook,358,2017,2017,,2025/08/25,to-read,to-read (#198),to-read,,,,0,0
9783200,"Now You See Me (Lacey Flint, #1)",Sharon J. Bolton,"Bolton, Sharon J.",,"=""0312600526""","=""9780312600525""",0,4.04,Minotaur Books,Hardcover,400,2011,2011,,2025/08/25,to-read,to-read (#197),to-read,,,,0,0
7180727,"Live to Tell (Detective D.D. Warren, #4)",Lisa Gardner,"Gardner, Lisa",,"=""0553807242""","=""9780553807240""",0,4.18,Bantam,Hardcover,400,2010,2010,,2025/08/25,to-read,to-read (#196),to-read,,,,0,0
60776206,"See It End (Dr. Gretchen White, #3)",Brianna Labuskes,"Labuskes, Brianna",,"=""1542035538""","=""9781542035538""",0,4.47,Thomas & Mercer,Kindle Edition,377,2023,2023,,2025/08/25,to-read,to-read (#195),to-read,,,,0,0
57831170,"What Can't Be Seen (Dr. Gretchen White, #2)",Brianna Labuskes,"Labuskes, Brianna",,"=""""","=""""",0,4.30,Thomas & Mercer,Kindle Edition,364,2022,2022,,2025/08/25,to-read,to-read (#194),to-read,,,,0,0
55582157,"A Familiar Sight (Dr. Gretchen White, #1)",Brianna Labuskes,"Labuskes, Brianna",,"=""1542027357""","=""9781542027359""",0,4.11,Thomas & Mercer,Kindle Edition,367,2021,2021,,2025/08/25,to-read,to-read (#193),to-read,,,,0,0
31868165,Captivate: The Science of Succeeding with People,Vanessa Van Edwards,"Edwards, Vanessa Van",,"=""0399564489""","=""9780399564482""",5,4.11,Portfolio,Hardcover,320,2017,2017,2023/01/01,2025/08/25,,,read,,,,1,0
58065810,Cues: Master the Secret Language of Charismatic Communication,Vanessa Van Edwards,"Edwards, Vanessa Van",,"=""0593332199""","=""9780593332191""",5,4.22,Portfolio,Hardcover,320,2022,,,2024/06/25,,,read,,,,1,0
22085568,The Culture Map: Breaking Through the Invisible Boundaries of Global Business,Erin Meyer,"Meyer, Erin",,"=""""","=""""",5,4.33,PublicAffairs,Kindle Edition,290,2014,2014,,2024/06/28,,,read,,,,1,0
60435878,Carrie Soto Is Back,Taylor Jenkins Reid,"Reid, Taylor Jenkins",,"=""0593158687""","=""9780593158685""",4,4.20,Ballantine Books,Hardcover,384,2022,2022,2025/07/01,2025/07/04,,,read,,,,1,0
62047984,Yellowface,R.F. Kuang,"Kuang, R.F.",,"=""000853277X""","=""9780008532772""",3,3.73,William Morrow,Paperback,319,2023,2023,2025/07/01,2025/07/12,,,read,,,,1,0
61827543,"Vera Wong's Unsolicited Advice for Murderers (Vera Wong, #1)",Jesse Q. Sutanto,"Sutanto, Jesse Q.",,"=""0593549228""","=""9780593549223""",4,4.03,Berkley,Paperback,339,2023,2023,2025/08/03,2025/08/03,,,read,,,,1,0
215805924,"Vera Wong's Guide to Snooping [On a Dead Man] (Vera Wong, #2)",Jesse Q. Sutanto,"Sutanto, Jesse Q.",,"=""0593546253""","=""9780593546253""",4,4.22,Berkley,Paperback,325,2025,2025,2025/08/09,2025/08/09,,,read,,,,2,0
62848145,"The Housemaid's Secret (The Housemaid, #2)",Freida McFadden,"McFadden, Freida",,"=""1837901317""","=""9781837901319""",4,4.19,Bookouture,Kindle Edition,329,2023,2023,2025/08/13,2025/08/13,,,read,,,,1,0
199235727,"The Housemaid Is Watching (The Housemaid, #3)",Freida McFadden,"McFadden, Freida",,"=""1464223319""","=""9781464223310""",3,3.87,Sourcebooks,Paperback,364,2024,2024,2025/08/15,2025/08/15,,,read,,,,1,0
2810688,Snowtown: The Bodies in Barrels Murders: The Grisly Story of Australia's Worst Serial Killings,Jeremy Pudney,"Pudney, Jeremy",,"=""0732267161""","=""9780732267162""",0,3.85,HarperCollins,Paperback,282,2005,2005,,2025/08/25,to-read,to-read (#192),to-read,,,,0,0
63264519,Dead of Winter,Darcy Coates,"Coates, Darcy",,"=""1728270251""","=""9781728270258""",0,3.80,Poisoned Pen Press,Paperback,352,2023,2023,,2025/08/25,to-read,to-read (#191),to-read,,,,0,0
59720691,"Wake (PI Lane Holland, #1)",Shelley Burr,"Burr, Shelley",,"=""0063235226""","=""9780063235229""",0,3.98,William Morrow,Hardcover,368,2022,2022,,2025/08/25,to-read,to-read (#190),to-read,,,,0,0
59412817,The Lies I Tell,Julie   Clark,"Clark, Julie",,"=""1728247594""","=""9781728247595""",0,4.09,Sourcebooks Landmark,Hardcover,302,2022,2022,,2025/08/25,to-read,to-read (#189),to-read,,,,0,0
56268973,These Silent Woods,Kimi Cunningham Grant,"Grant, Kimi Cunningham",,"=""1250793394""","=""9781250793393""",0,4.03,Minotaur Books,Hardcover,288,2021,2021,,2025/08/25,to-read,to-read (#188),to-read,,,,0,0
57505278,All Her Little Secrets,Wanda M. Morris,"Morris, Wanda M.",,"=""0063204339""","=""9780063204331""",0,3.70,William Morrow,Hardcover,384,2021,2021,,2025/08/25,to-read,to-read (#187),to-read,,,,0,0
171793386,What Happened to Nina?,Dervla McTiernan,"McTiernan, Dervla",,"=""""","=""""",5,4.06,William Morrow,Kindle Edition,328,2024,2024,2025/08/25,2025/08/15,,,read,,,,1,0
56393543,The Pact,Sharon J. Bolton,"Bolton, Sharon J.",,"=""1409198308""","=""9781409198307""",0,3.94,Trapeze,Hardcover,384,2021,2021,,2025/08/25,to-read,to-read (#186),to-read,,,,0,0
52652923,The Last Flight,Julie   Clark,"Clark, Julie",,"=""1728215722""","=""9781728215723""",0,4.10,Sourcebooks Landmark,Hardcover,320,2020,2020,,2025/08/24,to-read,to-read (#185),to-read,,,,0,0
45046683,Little Secrets,Jennifer Hillier,"Hillier, Jennifer",,"=""""","=""""",0,4.21,Minotaur Books,Hardcover,352,2020,2020,,2025/08/24,to-read,to-read (#184),to-read,,,,0,0
52217478,Pretty Things,Janelle Brown,"Brown, Janelle",,"=""0525479139""","=""9780525479130""",0,3.89,Random House,ebook,496,2020,2020,,2025/08/24,to-read,to-read (#183),to-read,,,,0,0
41150430,A Stranger on the Beach,Michele Campbell,"Campbell, Michele",,"=""1250202531""","=""9781250202536""",0,3.70,St. Martin's Press,Hardcover,352,2019,2019,,2025/08/24,to-read,to-read (#182),to-read,,,,0,0
42201920,The Arrangement,Robyn Harding,"Harding, Robyn",,"=""198211049X""","=""9781982110499""",0,3.73,Scout Press,Hardcover,343,2019,2019,,2025/08/24,to-read,to-read (#181),to-read,,,,0,0
39863488,The Lost Man,Jane Harper,"Harper, Jane",,"=""1250105684""","=""9781250105684""",0,4.16,Flatiron Books,Hardcover,340,2019,2018,,2025/08/24,to-read,to-read (#180),to-read,,,,0,0
34189556,The Wife Between Us,Greer Hendricks,"Hendricks, Greer",Sarah Pekkanen,"=""1250130921""","=""9781250130921""",0,3.83,St. Martin's Press,Hardcover,432,2018,2018,,2025/08/24,to-read,to-read (#179),to-read,,,,0,0
35297426,Then She Was Gone,Lisa Jewell,"Jewell, Lisa",,"=""1501154648""","=""9781501154645""",0,4.04,Atria Books,Paperback,359,2018,2017,,2025/08/24,to-read,to-read (#178),to-read,,,,0,0
36448554,Bring Me Back,B.A. Paris,"Paris, B.A.",,"=""1250151333""","=""9781250151339""",0,3.50,St. Martin's Press,Hardcover,291,2018,2018,,2025/08/24,to-read,to-read (#177),to-read,,,,0,0
38355282,Watching You,Lisa Jewell,"Jewell, Lisa",,"=""1501190075""","=""9781501190070""",0,3.87,Atria Books,Hardcover,320,2018,2018,,2025/08/24,to-read,to-read (#176),to-read,,,,0,0
59651557,"Under One Roof (The STEMinist Novellas, #1)",Ali Hazelwood,"Hazelwood, Ali",,"=""0593437810""","=""9780593437810""",3,3.65,Berkley,Kindle Edition,112,2022,2022,2022/01/01,2025/08/23,,,read,boring,,,1,0
216180339,How to Survive a Slasher,Justine Pucella Winans,"Winans, Justine Pucella",,"=""1547616318""","=""9781547616312""",0,3.56,Bloomsbury YA,Hardcover,304,2025,2025,,2025/08/23,to-read,to-read (#175),to-read,,,,0,0
59881439,"Self-Care in Underwear: Yoga in Your Undies, Bubble Baths, and 50+ More Ways to Improve Well-Being",Ton Mak,"Mak, Ton",,"=""1797214217""","=""9781797214214""",3,4.50,Chronicle Books,Hardcover,120,2022,,2025/05/23,2025/08/22,,,read,,,,1,0
211025407,Homeseeking,Karissa Chen,"Chen, Karissa",,"=""""","=""""",0,4.22,G.P. Putnam's Sons,Hardcover,512,2025,2025,,2025/08/22,to-read,to-read (#174),to-read,,,,0,0
41837243,Lock Every Door,Riley Sager,"Sager, Riley",,"=""1524745154""","=""9781524745158""",0,3.89,Dutton,ebook,381,2019,2019,,2025/08/22,to-read,to-read (#173),to-read,,,,0,0
133938826,Welcome to the Hyunam-Dong Bookshop,Hwang Bo-Reum,"Bo-Reum, Hwang",Shanna Tan,"=""""","=""""",0,3.91,Bloomsbury Publishing,Hardcover,307,2024,2022,,2025/08/22,to-read,to-read (#172),to-read,,,,0,0
91274427,What You Are Looking For Is in the Library,Michiko Aoyama,"Aoyama, Michiko",Alison Watts,"=""1335005625""","=""9781335005625""",0,4.05,Hanover Square Press,Hardcover,304,2023,2020,,2025/08/22,to-read,to-read (#171),to-read,,,,0,0
40961230,The Travelling Cat Chronicles,Hiro Arikawa,"Arikawa, Hiro",Philip Gabriel,"=""0735235244""","=""9780735235243""",0,4.33,Viking,Kindle Edition,281,2018,2012,,2025/08/22,to-read,to-read (#170),to-read,,,,0,0
212807260,"The Curious Kitten at the Chibineko Kitchen (Meals to Remember at the Chibineko Kitchen, #1)",Yuta Takahashi,"Takahashi, Yuta",Cat Anderson,"=""0143138618""","=""9780143138617""",0,3.94,Penguin Books,Paperback,192,2025,2020,,2025/08/22,to-read,to-read (#169),to-read,,,,0,0
64625125,"The Tea Ladies (The Tea Ladies, #1)",Amanda  Hampson,"Hampson, Amanda",,"=""1761043854""","=""9781761043857""",3,3.75,Penguin Random House,Trade Paperback,368,2023,2023,2025/08/21,2025/08/15,,,read,,,,1,0
62874245,The Drowning Woman,Robyn Harding,"Harding, Robyn",,"=""1538726769""","=""9781538726761""",0,4.04,Grand Central Publishing,Hardcover,336,2023,2023,,2025/08/20,to-read,to-read (#168),to-read,,,,0,0
57693172,A Flicker in the Dark,Stacy Willingham,"Willingham, Stacy",,"=""1250803829""","=""9781250803825""",0,3.98,Minotaur Books,Hardcover,357,2022,2022,,2025/08/20,to-read,to-read (#167),to-read,,,,0,0
205837684,The Last Party,A.R. Torre,"Torre, A.R.",,"=""1662519583""","=""9781662519581""",0,4.07,Thomas & Mercer,Kindle Edition,349,2024,2024,,2025/08/20,to-read,to-read (#166),to-read,,,,0,0
37905907,The Lies We Told,Camilla Way,"Way, Camilla",,"=""1101989548""","=""9781101989548""",0,3.97,Berkley ,Kindle Edition,336,2018,2018,,2025/08/20,to-read,to-read (#165),to-read,,,,0,0
52476830,The Push,Ashley Audrain,"Audrain, Ashley",,"=""1984881663""","=""9781984881663""",0,4.04,Pamela Dorman Books,Hardcover,307,2021,2021,,2025/08/20,to-read,to-read (#164),to-read,,,,0,0
57361474,Local Woman Missing,Mary Kubica,"Kubica, Mary",,"=""077831166X""","=""9780778311669""",0,4.12,Park Row,Paperback,356,2021,2021,,2025/08/20,to-read,to-read (#163),to-read,,,,0,0
30689367,I Let You Go,Clare Mackintosh,"Mackintosh, Clare",,"=""1101987502""","=""9781101987506""",0,4.04,Berkley,Paperback,400,2016,2014,,2025/08/20,to-read,to-read (#162),to-read,,,,0,0
57115689,"On This Day She: Putting Women Back Into History, One Day At A Time",Jo Bell,"Bell, Jo","Tania Hershman, Ailsa Holland","=""178946272X""","=""9781789462722""",0,4.13,Metro Publishing,Kindle Edition,800,2021,2021,,2023/02/04,currently-reading,currently-reading (#1),currently-reading,,,,1,0
58065033,Lessons in Chemistry,Bonnie Garmus,"Garmus, Bonnie",,"=""""","=""""",4,4.28,Doubleday Books,Hardcover,390,2022,2022,2025/07/01,2024/04/13,,,read,,,,1,0
58587864,Insomnia,Sarah Pinborough,"Pinborough, Sarah",,"=""""","=""""",0,3.70,William Morrow,Hardcover,336,2022,2022,,2025/08/20,to-read,to-read (#161),to-read,,,,0,0
28965131,Behind Her Eyes,Sarah Pinborough,"Pinborough, Sarah",,"=""125011117X""","=""9781250111173""",0,3.79,Flatiron Books,Hardcover,307,2017,2017,,2025/08/20,to-read,to-read (#160),to-read,,,,0,0
19161835,Confessions,Kanae Minato,"Minato, Kanae",Stephen    Snyder,"=""0316200921""","=""9780316200929""",0,3.93,Mulholland Books,Paperback,240,2014,2008,,2025/08/20,to-read,to-read (#159),to-read,,,,0,0
124948406,They Never Learn,Layne Fargo,"Fargo, Layne",,"=""""","=""""",0,3.91,Gallery/Scout Press,Kindle Edition,349,2023,2020,,2025/08/20,to-read,to-read (#158),to-read,,,,0,0
52320705,Who Is Maud Dixon?,Alexandra  Andrews,"Andrews, Alexandra",,"=""0316500313""","=""9780316500319""",0,3.83,"Little, Brown And Company",Hardcover,324,2021,2021,,2025/08/20,to-read,to-read (#157),to-read,,,,0,0
57628810,56 Days,Catherine Ryan Howard,"Howard, Catherine Ryan",,"=""1982694653""","=""9781982694654""",0,3.74,Blackstone Publishing,Hardcover,305,2021,2021,,2025/08/20,to-read,to-read (#156),to-read,,,,0,0
29437949,Behind Closed Doors,B.A. Paris,"Paris, B.A.",,"=""1250121000""","=""9781250121004""",0,3.97,St. Martin's Press,Hardcover,293,2016,2016,,2025/08/20,to-read,to-read (#155),to-read,,,,0,0
56238004,The Good Lie,A.R. Torre,"Torre, A.R.",,"=""1542020174""","=""9781542020176""",0,4.11,Thomas & Mercer,Kindle Edition,257,2021,2021,,2025/08/20,to-read,to-read (#154),to-read,,,,0,0
62703226,The Only One Left,Riley Sager,"Sager, Riley",,"=""0593183223""","=""9780593183229""",0,4.13,Dutton,Hardcover,383,2023,2023,,2025/08/19,to-read,to-read (#153),to-read,,,,0,0
59808050,Daisy Darker,Alice Feeney,"Feeney, Alice",,"=""1250843936""","=""9781250843937""",0,3.76,Flatiron Books,Hardcover,352,2022,2022,,2025/08/19,to-read,to-read (#152),to-read,,,,0,0
58724923,Hidden Pictures,Jason Rekulak,"Rekulak, Jason",,"=""1250819342""","=""9781250819345""",0,4.15,Flatiron Books,Hardcover,372,2022,2022,,2025/08/19,to-read,to-read (#151),to-read,,,,0,0
62292419,She Started It,Sian Gilbert,"Gilbert, Sian",,"=""0063286297""","=""9780063286290""",0,3.57,William Morrow,Hardcover,352,2023,2023,,2025/08/19,to-read,to-read (#150),to-read,,,,0,0
196614815,Murder Road,Simone St. James,"James, Simone St.",,"=""0593200381""","=""9780593200384""",0,3.68,Berkley,Hardcover,341,2024,2024,,2025/08/19,to-read,to-read (#149),to-read,,,,0,0
60417443,The Family Game,Catherine Steadman,"Steadman, Catherine",,"=""0593158067""","=""9780593158067""",0,3.83,Ballantine Books,Hardcover,319,2022,2022,,2025/08/19,to-read,to-read (#148),to-read,,,,0,0
123430981,The Clinic,Cate Quinn,"Quinn, Cate",,"=""1728293987""","=""9781728293981""",0,3.52,Sourcebooks Landmark,Paperback,448,2024,2024,,2025/08/19,to-read,to-read (#147),to-read,,,,0,0
36373481,The Death of Mrs. Westaway,Ruth Ware,"Ware, Ruth",,"=""1501156217""","=""9781501156212""",0,3.80,Scout Press,Hardcover,368,2018,2018,,2025/08/19,to-read,to-read (#146),to-read,,,,0,0
57360704,Unmissing,Minka Kent,"Kent, Minka",,"=""""","=""""",0,3.98,Thomas & Mercer,Kindle Edition,252,2022,2022,,2025/08/19,to-read,to-read (#145),to-read,,,,0,0
42080142,The Turn of the Key,Ruth Ware,"Ware, Ruth",,"=""1501188771""","=""9781501188770""",0,3.91,Scout Press,Hardcover,337,2019,2019,,2025/08/19,to-read,to-read (#144),to-read,,,,0,0
40097951,The Silent Patient,Alex Michaelides,"Michaelides, Alex",,"=""1250301696""","=""9781250301697""",0,4.17,Celadon Books,Hardcover,336,2019,2019,,2025/08/19,to-read,to-read (#143),to-read,,,,0,0
56269064,Rock Paper Scissors,Alice Feeney,"Feeney, Alice",,"=""1250266106""","=""9781250266101""",0,3.89,Flatiron Books,Hardcover,294,2021,2021,,2025/08/19,to-read,to-read (#142),to-read,,,,0,0
209823382,Tell Me What You Did,Carter   Wilson,"Wilson, Carter",,"=""1464226229""","=""9781464226229""",0,3.73,Poisoned Pen Press,Paperback,420,2025,2025,,2025/08/19,to-read,to-read (#141),to-read,,,,0,0
217506549,The Ghostwriter,Julie   Clark,"Clark, Julie",,"=""1464221286""","=""9781464221286""",0,4.10,Sourcebooks Landmark,Hardcover,328,2025,2025,,2025/08/19,to-read,to-read (#140),to-read,,,,0,0
218185743,Bat Eater and Other Names for Cora Zeng,Kylie Lee Baker,"Baker, Kylie Lee",,"=""0778368459""","=""9780778368458""",0,4.14,MIRA,Hardcover,304,2025,2025,,2025/08/19,to-read,to-read (#139),to-read,,,,0,0
217232622,Don't Believe Her,Nicola Sanders,"Sanders, Nicola",,"=""1763659917""","=""9781763659919""",0,4.00,,Kindle Edition,302,2024,2024,,2025/08/19,to-read,to-read (#138),to-read,,,,0,0
219833105,We Live Here Now,Sarah Pinborough,"Pinborough, Sarah",,"=""1250394058""","=""9781250394057""",0,3.74,Flatiron Books: Pine & Cedar,Hardcover,291,2025,2025,,2025/08/19,to-read,to-read (#137),to-read,,,,0,0
214175092,The Quiet Librarian,Allen Eskens,"Eskens, Allen",,"=""0316566314""","=""9780316566315""",0,4.18,Mulholland Books,Hardcover,320,2025,2025,,2025/08/19,to-read,to-read (#136),to-read,,,,0,0
57552455,"Weibo Feminism: Expression, Activism, and Social Media in China",Aviva Wei Xue,"Xue, Aviva Wei",Kate Rose,"=""1350231487""","=""9781350231481""",0,4.16,Bloomsbury Academic,Paperback,224,2022,,,2025/08/19,to-read,to-read (#135),to-read,,,,0,0
199698485,The God of the Woods,Liz    Moore,"Moore, Liz",,"=""""","=""""",0,4.12,Riverhead Books,Kindle Edition,490,2024,2024,,2025/08/18,to-read,to-read (#134),to-read,,,,0,0
25574782,Pretty Girls,Karin Slaughter,"Slaughter, Karin",,"=""0062430874""","=""9780062430878""",0,4.01,William Morrow,Paperback,432,2015,2015,,2025/08/18,to-read,to-read (#133),to-read,,,,0,0
56898223,A History of Wild Places,Shea Ernshaw,"Ernshaw, Shea",,"=""1982164808""","=""9781982164805""",0,3.92,Atria Books,Hardcover,354,2021,2021,,2025/08/18,to-read,to-read (#132),to-read,,,,0,0
60810479,Enough: the violence against women and how to end it,Harriet Johnson,"Johnson, Harriet",,"=""0008533083""","=""9780008533083""",0,4.51,4th Estate,Kindle Edition,197,2022,,,2025/08/18,to-read,to-read (#131),to-read,,,,0,0
179548436,The Best Way to Bury Your Husband,Alexia Casale,"Casale, Alexia",,"=""0593654609""","=""9780593654606""",0,3.68,Penguin Books,Paperback,400,2024,2024,,2025/08/18,to-read,to-read (#130),to-read,,,,0,0
52636419,The Wife Upstairs,Freida McFadden,"McFadden, Freida",,"=""""","=""""",4,4.06,Hollywood Upstairs Press,Kindle Edition,414,2020,2020,2025/08/18,2025/08/18,,,read,,,,1,0
220223963,Not Quite Dead Yet,Holly  Jackson,"Jackson, Holly",,"=""059397705X""","=""9780593977057""",0,4.20,Bantam,Hardcover,392,2025,2025,,2025/08/17,to-read,to-read (#129),to-read,,,,0,0
61267944,"Not Now, Not Ever: Ten years on from the misogyny speech",Julia Gillard,"Gillard, Julia",,"=""0143779761""","=""9780143779766""",0,4.26,Random House Australia,Kindle Edition,260,2022,,,2025/08/15,currently-reading,currently-reading (#6),currently-reading,,,,1,0
17607,All About Love: New Visions,bell hooks,"hooks, bell",,"=""0688168442""","=""9780688168445""",0,4.02,William Morrow,Hardcover,240,1999,1999,,2025/08/15,to-read,to-read (#128),to-read,,,,0,0
61313902,Five Survive,Holly  Jackson,"Jackson, Holly",,"=""0755504402""","=""9780755504404""",0,4.08,Electric Monkey,Hardcover,391,2022,2022,,2025/08/15,to-read,to-read (#127),to-read,,,,0,0
182484360,The Reappearance of Rachel Price,Holly  Jackson,"Jackson, Holly",,"=""0593374207""","=""9780593374207""",0,4.09,Delacorte Press,Hardcover,438,2024,2024,,2025/08/15,to-read,to-read (#126),to-read,,,,0,0
18775334,The Butcher,Jennifer Hillier,"Hillier, Jennifer",,"=""1476734216""","=""9781476734217""",0,4.10,Gallery Books,Hardcover,352,2014,2014,,2025/08/15,to-read,to-read (#125),to-read,,,,0,0
57645345,Twenty Years Later,Charlie Donlea,"Donlea, Charlie",,"=""1496727169""","=""9781496727169""",0,4.19,Kensington,Hardcover,357,2021,2021,,2025/08/15,to-read,to-read (#124),to-read,,,,0,0
222795065,The Fourth Daughter,Lyn Liao Butler,"Butler, Lyn Liao",,"=""166252904X""","=""9781662529047""",0,4.35,Lake Union Publishing,Kindle Edition,280,2025,2025,,2025/08/15,to-read,to-read (#123),to-read,,,,0,0
219828570,Lightning in a Mason Jar,Catherine Mann,"Mann, Catherine",,"=""1662525214""","=""9781662525216""",0,4.20,Lake Union Publishing,Kindle Edition,270,2025,2025,,2025/08/15,to-read,to-read (#122),to-read,,,,0,0
63241506,"Chinese Menu: The History, Myths, and Legends Behind Your Favorite Foods",Grace Lin,"Lin, Grace",,"=""0316486000""","=""9780316486002""",0,4.22,"Little, Brown Books for Young Readers",Hardcover,288,2023,2023,,2025/08/15,to-read,to-read (#121),to-read,,,,0,0
35036409,"My Brilliant Friend (Neapolitan Novels, #1)",Elena Ferrante,"Ferrante, Elena",Ann Goldstein,"=""""","=""""",0,4.05,Penguin Random House ,Paperback,331,2012,2011,,2025/08/15,to-read,to-read (#120),to-read,,,,0,0
36373647,"When Life Gives You Lululemons (The Devil Wears Prada, #3)",Lauren Weisberger,"Weisberger, Lauren",,"=""1476778442""","=""9781476778440""",0,3.74,Simon & Schuster,Hardcover,343,2018,2018,,2025/08/15,to-read,to-read (#119),to-read,,,,0,0
29751398,The Power,Naomi Alderman,"Alderman, Naomi",,"=""0670919985""","=""9780670919987""",0,3.75,Viking,Hardcover,341,2017,2016,,2025/08/15,to-read,to-read (#118),to-read,,,,0,0
34051011,Pachinko,Min Jin Lee,"Lee, Min Jin",,"=""""","=""""",0,4.34,Grand Central Publishing,Kindle Edition,496,2017,2017,,2025/08/15,to-read,to-read (#117),to-read,,,,0,0
61153636,How to make work not suck,Carina Maggar,"Maggar, Carina",,"=""""","=""""",2,3.59,Laurence King,Paperback,159,2022,,2025/08/15,2025/03/06,,,read,,,,1,0
221544394,"We Are All Guilty Here (North Falls, #1)",Karin Slaughter,"Slaughter, Karin",,"=""0063336774""","=""9780063336773""",0,4.42,William Morrow,Hardcover,448,2025,2025,,2025/08/13,to-read,to-read (#116),to-read,,,,0,0
221115923,Too Old for This,Samantha  Downing,"Downing, Samantha",,"=""0593101030""","=""9780593101032""",0,4.02,Berkley,Hardcover,385,2025,2025,,2025/08/13,to-read,to-read (#115),to-read,,,,0,0
62334530,None of This Is True,Lisa Jewell,"Jewell, Lisa",,"=""1982179007""","=""9781982179007""",0,4.08,Atria Books,Hardcover,390,2023,2023,,2025/08/12,to-read,to-read (#114),to-read,,,,0,0
176451879,"Kill for Me, Kill for You",Steve Cavanagh,"Cavanagh, Steve",,"=""1668049341""","=""9781668049341""",0,4.15,Atria Books,Hardcover,340,2024,2023,,2025/08/11,to-read,to-read (#113),to-read,,,,0,0
127279000,Listen for the Lie,Amy Tintera,"Tintera, Amy",,"=""1250880319""","=""9781250880314""",0,4.08,Celadon Books,Hardcover,336,2024,2024,,2025/08/11,to-read,to-read (#112),to-read,,,,0,0
60556912,"The Housemaid (The Housemaid, #1)",Freida McFadden,"McFadden, Freida",,"=""1803144378""","=""9781803144375""",5,4.29,Bookouture,Kindle Edition,329,2022,2022,2025/08/11,2025/08/09,,,read,,,,1,0
32978572,"Hard Sell (21 Wall Street, #2)",Lauren Layne,"Layne, Lauren","Samantha Cook, Zachary Webber","=""1441735380""","=""9781441735386""",0,3.99,Blackstone Publishing,MP3 CD,,2018,2018,,2025/08/06,to-read,to-read (#111),to-read,,,,0,0
210473774,Penguin Readers Level 3: The Secret Dreamworld Of A Shopaholic (ELT Graded Reader),Sophie Kinsella,"Kinsella, Sophie",,"=""""","=""""",3,3.00,Balaji Publications,Hardcover,300,2023,,2025/05/01,2025/07/24,,,read,,,,1,0
197108968,The Family Experiment,John Marrs,"Marrs, John",,"=""1335000364""","=""9781335000361""",0,4.04,Hanover Square Press,Hardcover,384,2024,2024,,2025/07/23,to-read,to-read (#110),to-read,,,,0,0
40597810,Daisy Jones & The Six,Taylor Jenkins Reid,"Reid, Taylor Jenkins",,"=""1524798622""","=""9781524798628""",5,4.20,Ballantine Books,Hardcover,368,2019,2019,2025/06/01,2025/07/04,,,read,,,,1,0
32620332,The Seven Husbands of Evelyn Hugo,Taylor Jenkins Reid,"Reid, Taylor Jenkins",,"=""1501139231""","=""9781501139239""",5,4.40,Atria Books,Hardcover,389,2017,2017,2025/06/01,2025/07/04,,,read,,,,1,0
6081261,What I Wish I Knew When I Was 20,Tina Seelig,"Seelig, Tina",,"=""0061735191""","=""9780061735196""",4,3.80,HarperOne,Hardcover,184,2009,2009,2025/05/01,2025/04/02,,,read,,,,1,0
40121378,Atomic Habits: An Easy & Proven Way to Build Good Habits & Break Bad Ones,James Clear,"Clear, James",,"=""""","=""""",4,4.33,Avery,Kindle Edition,319,2018,2018,2025/01/01,2025/01/29,,,read,,,,1,0
55404546,Malibu Rising,Taylor Jenkins Reid,"Reid, Taylor Jenkins",,"=""1524798657""","=""9781524798659""",4,4.02,Ballantine Books,Hardcover,369,2021,2021,2025/07/01,2025/07/09,,,read,,,,1,0
58438337,Rebel Girls Climate Warriors: 25 Tales of Women Who Protect the Earth (Rebel Girls Minis),Rebel Girls,"Girls, Rebel",Cristina Mittermeier,"=""195342421X""","=""9781953424211""",4,4.57,Rebel Girls,Paperback,64,2022,,2025/07/01,2025/07/18,,,read,,,,1,0
220195725,Julie Chan Is Dead,Liann Zhang,"Zhang, Liann",,"=""1668067919""","=""9781668067918""",4,3.46,Atria Books,Kindle Edition,320,2025,2025,2025/07/01,2025/07/21,,,read,,,,1,0
51315974,Manipulated: Inside the Cyberwar to Hijack Elections and Distort the Truth,Theresa Payton,"Payton, Theresa",,"=""1538133512""","=""9781538133514""",0,3.73,Rowman & Littlefield Publishers,Kindle Edition,208,2020,,,2025/07/21,to-read,to-read (#109),to-read,,,,0,0
58733693,Remarkably Bright Creatures,Shelby Van Pelt,"Pelt, Shelby Van",,"=""0063204150""","=""9780063204157""",0,4.36,Ecco,Hardcover,368,2022,2022,,2025/07/17,to-read,to-read (#108),to-read,,,,0,0
127305853,The Women,Kristin Hannah,"Hannah, Kristin",,"=""1250178630""","=""9781250178633""",0,4.60,St. Martin's Press,Hardcover,471,2024,2024,,2025/07/17,to-read,to-read (#107),to-read,,,,0,0
17120207,How to Be Interesting: In 10 Simple Steps,Jessica Hagy,"Hagy, Jessica",,"=""0761174702""","=""9780761174707""",4,3.66,Workman Publishing Company,Paperback,272,2013,2013,2024/06/08,2024/06/07,,,read,"Reading ""How to Be Interesting"" is uninteresting, just like a nerd who wants to act positive and humanily. But I have to say, I enjoy it, and it is a picture book for adults. There are interesting pictures and short ideas, I learnt a lot of short expressions. And the most important point is it is so short, I finished it in a few hours. I think it is a beginning-level material for non-native speakers to practise reading.",,,1,0
54870131,The Day the World Stops Shopping: How Ending Consumerism Saves the Environment and Ourselves,J.B. MacKinnon,"MacKinnon, J.B.",,"=""0062856022""","=""9780062856029""",0,4.16,Ecco,Hardcover,336,2021,2021,,2025/07/05,to-read,to-read (#106),to-read,,,,0,0
220481360,The New Age of Sexism: How AI and Emerging Technologies Are Reinventing Misogyny,Laura Bates,"Bates, Laura",,"=""1464234361""","=""9781464234361""",0,4.50,Sourcebooks,Hardcover,352,2025,2025,,2025/07/04,to-read,to-read (#105),to-read,,,,0,0
59493858,"Fix the System, Not the Women",Laura Bates,"Bates, Laura",,"=""1398515418""","=""9781398515413""",0,4.49,Simon  Schuster Audio UK,Hardcover,208,2022,2022,,2025/07/04,currently-reading,currently-reading (#5),currently-reading,,,,1,0
48635408,Men Who Hate Women,Laura Bates,"Bates, Laura",,"=""""","=""""",0,4.34,Simon & Schuster UK,Kindle Edition,366,2020,2020,,2025/02/28,currently-reading,currently-reading (#4),currently-reading,,,,1,0
7581,The Book of Awakening: Having the Life You Want by Being Present to the Life You Have,Mark Nepo,"Nepo, Mark",,"=""1573241172""","=""9781573241175""",0,4.22,Conari Press,Paperback,436,2000,1999,,2025/06/24,to-read,to-read (#104),to-read,,,,0,0
13221308,Positive Intelligence: Why Only 20% of Teams and Individuals Achieve Their True Potential and How You Can Achieve Yours,Shirzad Chamine,"Chamine, Shirzad",,"=""1608322785""","=""9781608322787""",0,4.04,Greenleaf Book Group Press,Hardcover,224,2012,2012,,2025/06/15,to-read,to-read (#103),to-read,,,,0,0
62826123,"""No Offence, But...""",Gina  Martin,"Martin, Gina",,"=""1787636364""","=""9781787636361""",0,4.25,Bantam,Hardcover,352,2023,,,2025/05/30,currently-reading,currently-reading (#3),currently-reading,,,,1,0
212294434,Talk: The Science of Conversation and the Art of Being Ourselves,Alison Wood Brooks,"Brooks, Alison Wood",,"=""0593443497""","=""9780593443491""",0,4.02,Crown,Hardcover,336,2025,,,2025/05/13,to-read,to-read (#102),to-read,,,,0,0
215514806,"The Next Conversation: Argue Less, Talk More",Jefferson Fisher,"Fisher, Jefferson",,"=""0593718720""","=""9780593718728""",0,4.36,Tarcher,Hardcover,304,2025,2025,,2025/05/13,to-read,to-read (#101),to-read,,,,0,0
62898905,What’s Her Name: A History of the World in 70 Lost Women,Olivia Meikle,"Meikle, Olivia",What'sHerName Podcast,"=""1789295386""","=""9781789295382""",0,4.00,Michael O'Mara,Hardcover,0,2024,,,2025/05/11,to-read,to-read (#100),to-read,,,,0,0
49247043,This Is How They Tell Me the World Ends: The Cyberweapons Arms Race,Nicole Perlroth,"Perlroth, Nicole",,"=""1635576059""","=""9781635576054""",0,4.32,Bloomsbury Publishing,Hardcover,528,2021,2021,,2025/04/08,to-read,to-read (#99),to-read,,,,0,0
18465875,Countdown to Zero Day: Stuxnet and the Launch of the World's First Digital Weapon,Kim Zetter,"Zetter, Kim",,"=""077043617X""","=""9780770436179""",0,4.17,Crown,Hardcover,406,2014,2014,,2025/04/08,to-read,to-read (#98),to-read,,,,0,0
52431662,A Leader's Guide to Cybersecurity: Why Boards Need to Lead--and How to Do It,Thomas J. Parenty,"Parenty, Thomas J.",Jack J. Domet,"=""1633697991""","=""9781633697997""",0,3.76,Harvard Business Review Press,Hardcover,208,2019,2019,,2025/04/08,to-read,to-read (#97),to-read,,,,0,0
20587901,Lean In for Graduates,Sheryl Sandberg,"Sandberg, Sheryl",,"=""0385353677""","=""9780385353670""",0,4.11,Knopf,Hardcover,406,2014,2014,,2025/04/02,to-read,to-read (#96),to-read,,,,0,0
195888801,Why Machines Learn: The Elegant Math Behind Modern AI,Anil Ananthaswamy,"Ananthaswamy, Anil",,"=""0593185749""","=""9780593185742""",0,4.37,Dutton,Hardcover,480,2024,2024,,2025/03/18,to-read,to-read (#95),to-read,,,,0,0
34466963,Why We Sleep: Unlocking the Power of Sleep and Dreams,Matthew Walker,"Walker, Matthew",,"=""""","=""""",0,4.37,Scribner,Hardcover,368,2017,2017,,2025/03/08,to-read,to-read (#94),to-read,,,,0,0
34890015,Factfulness: Ten Reasons We're Wrong About the World – and Why Things Are Better Than You Think,Hans Rosling,"Rosling, Hans","Ola Rosling, Anna Rosling Rönnlund","=""1473637465""","=""9781473637467""",0,4.36,Sceptre,Hardcover,342,2018,2018,,2025/03/08,to-read,to-read (#93),to-read,,,,0,0
40653191,Period Power: Harness Your Hormones and Get Your Cycle Working For You,Maisie Hill,"Hill, Maisie",,"=""147296361X""","=""9781472963611""",0,4.04,Green Tree,Paperback,352,2019,2019,,2025/03/07,to-read,to-read (#92),to-read,,,,0,0
57951422,You Coach You: How to Overcome Challenges and Take Control of Your Career,Helen Tupper,"Tupper, Helen",,"=""024150273X""","=""9780241502730""",0,3.98,Penguin Business,Paperback,320,2022,,,2025/03/07,to-read,to-read (#91),to-read,,,,0,0
44778173,"The Squiggly Career: The No.1 Sunday Times Business Bestseller - Ditch the Ladder, Discover Opportunity, Design Your Career",Helen Tupper,"Tupper, Helen",,"=""0241385849""","=""9780241385845""",0,3.94,Portfolio Penguin,Paperback,240,2022,2020,,2025/03/07,to-read,to-read (#90),to-read,,,,0,0
6684854,Beyond the Boys' Club: Achieving Career Success as a Woman Working in a Male Dominated Field,Suzanne Doyle-Morris,"Doyle-Morris, Suzanne",,"=""0956268803""","=""9780956268808""",0,3.49,Inclusiq Ltd,Paperback,300,2009,2009,,2025/03/01,to-read,to-read (#89),to-read,,,,0,0
17290914,"Forget a Mentor, Find a Sponsor: The New Way to Fast-Track Your Career",Sylvia Ann Hewlett,"Hewlett, Sylvia Ann",,"=""1422187160""","=""9781422187166""",0,3.72,Harvard Business Review Press,Paperback,256,2013,2013,,2025/03/01,to-read,to-read (#88),to-read,,,,0,0
6596,The Four Agreements: A Practical Guide to Personal Freedom,Miguel Ruiz,"Ruiz, Miguel",Janet Mills,"=""1878424505""","=""9781878424501""",0,4.19,Amber-Allen Publishing,Hardcover,152,2001,1997,,2025/02/27,to-read,to-read (#87),to-read,,,,0,0
53642699,The Mountain Is You: Transforming Self-Sabotage Into Self-Mastery,Brianna Wiest,"Wiest, Brianna",,"=""""","=""""",0,4.06,Thought Catalog Books,Kindle Edition,250,2020,2020,,2025/02/27,to-read,to-read (#86),to-read,,,,0,0
206036893,The Leadership Compass: The ultimate guide for women leaders to reach their full potential,Michelle Redfern,"Redfern, Michelle",,"=""1923186000""","=""9781923186002""",0,4.56,Major Street Publishing,Kindle Edition,228,2024,,,2025/02/21,to-read,to-read (#85),to-read,,,,0,0
98532,The Female Eunuch,Germaine Greer,"Greer, Germaine",Jennifer Baumgardner,"=""0374527628""","=""9780374527624""",0,3.68,"Farrar, Straus and Giroux",Paperback,400,2002,1970,,2025/02/02,to-read,to-read (#84),to-read,,,,0,0
17684326,"The Cuckoo's Calling (Cormoran Strike, #1)",Robert Galbraith,"Galbraith, Robert",J.K. Rowling,"=""1408703998""","=""9781408703991""",0,3.89,Sphere,Hardcover,449,2013,2013,,2025/01/30,to-read,to-read (#83),to-read,,,,0,0
5960563,Somewhere Towards the End,Diana Athill,"Athill, Diana",,"=""039306770X""","=""9780393067705""",0,3.72,W. W. Norton & Company,Hardcover,182,2009,2008,,2025/01/29,to-read,to-read (#82),to-read,,,,0,0
257649,Sexual Politics,Kate Millett,"Millett, Kate",,"=""0252068890""","=""9780252068898""",0,3.99,University of Illinois Press,Paperback,424,2000,1969,,2025/01/28,to-read,to-read (#81),to-read,,,,0,0
41716694,Wordslut: A Feminist Guide to Taking Back the English Language,Amanda Montell,"Montell, Amanda",,"=""006286887X""","=""9780062868879""",0,4.24,Harper,Hardcover,304,2019,2019,,2025/01/28,to-read,to-read (#80),to-read,,,,0,0
59228221,Bitch: On the Female of the Species,Lucy Cooke,"Cooke, Lucy",,"=""1541674898""","=""9781541674899""",0,4.45,Basic Books,Hardcover,400,2022,2022,,2025/01/28,to-read,to-read (#79),to-read,,,,0,0
164998450,Rich AF: The Winning Money Mindset That Will Change Your Life,Vivian Tu,"Tu, Vivian",,"=""""","=""9780593714928""",0,4.05,Portfolio,Kindle Edition,334,2023,2023,,2025/01/28,to-read,to-read (#78),to-read,,,,0,0
204927599,Nexus: A Brief History of Information Networks from the Stone Age to AI,Yuval Noah Harari,"Harari, Yuval Noah",,"=""059373422X""","=""9780593734223""",0,4.17,Random House,Hardcover,528,2024,2024,,2025/01/24,to-read,to-read (#77),to-read,,,,0,0
197516602,"The New Menopause: Navigating Your Path Through Hormonal Change with Purpose, Power, and Facts",Mary Claire Haver,"Haver, Mary Claire",,"=""059379625X""","=""9780593796252""",0,4.27,Rodale Books,Hardcover,304,2024,,,2025/01/15,to-read,to-read (#76),to-read,,,,0,0
10865206,"The Willpower Instinct: How Self-Control Works, Why It Matters, and What You Can Do to Get More of It",Kelly McGonigal,"McGonigal, Kelly",,"=""1583334386""","=""9781583334386""",0,4.13,Avery,Hardcover,275,2011,2011,,2025/01/03,to-read,to-read (#75),to-read,,,,0,0
17859574,How to Fail at Almost Everything and Still Win Big: Kind of the Story of My Life,Scott Adams,"Adams, Scott",,"=""1591846919""","=""9781591846918""",0,4.06,Penguin Portfolio,Hardcover,248,2013,2013,,2025/01/01,to-read,to-read (#74),to-read,,,,0,0
1633,Getting Things Done: The Art of Stress-Free Productivity,David    Allen,"Allen, David",,"=""0142000280""","=""9780142000281""",0,4.01,Penguin Books,Paperback,267,2002,2001,,2024/12/18,to-read,to-read (#73),to-read,,,,0,0
15824358,The First 90 Days: Critical Success Strategies for New Leaders at All Levels,Michael D. Watkins,"Watkins, Michael D.",,"=""1422188612""","=""9781422188613""",0,3.85,Harvard Business Review Press,Hardcover,304,2013,2003,,2024/06/20,currently-reading,currently-reading (#2),currently-reading,,,,1,0
6452731,Justice: What's the Right Thing to Do?,Michael J. Sandel,"Sandel, Michael J.",,"=""0374180652""","=""9780374180652""",0,4.30,"Farrar, Straus and Giroux",Hardcover,308,2009,2007,,2024/11/21,to-read,to-read (#72),to-read,,,,0,0
206305049,Escape to Nature: Visit 75 of Australia's Best National Parks,Australian Geographic,"Geographic, Australian",,"=""1741178908""","=""9781741178906""",0,4.00,Hardie Grant Explore,Paperback,304,2024,,,2024/11/21,to-read,to-read (#71),to-read,,,,0,0
34189313,"The 5 Second Rule: Transform Your Life, Work, and Confidence with Everyday Courage",Mel Robbins,"Robbins, Mel",,"=""1682612392""","=""9781682612392""",0,3.86,Savio Republic,Kindle Edition,262,2017,2017,,2024/11/14,to-read,to-read (#70),to-read,,,,0,0
58505300,The High 5 Habit: Take Control of Your Life with One Simple Habit,Mel Robbins,"Robbins, Mel",,"=""1401962122""","=""9781401962128""",0,4.22,Hay House Inc.,Hardcover,257,2021,2021,,2024/11/14,to-read,to-read (#69),to-read,,,,0,0
170459,The Nuts and Bolts of College Writing,Michael Harvey,"Harvey, Michael",,"=""0872205738""","=""9780872205734""",0,3.69,"Hackett Publishing Company, Inc.",Paperback,103,2003,2003,,2024/11/14,to-read,to-read (#68),to-read,,,,0,0
602755,"Brush With Death (An Art Lover's Mystery, #3)",Hailey Lind,"Lind, Hailey",Juliet Blackwell,"=""0451221796""","=""9780451221797""",0,3.90,Signet,Mass Market Paperback,336,2007,2007,,2024/11/14,to-read,to-read (#67),to-read,,,,0,0
941705,A Reckoning,May Sarton,"Sarton, May",,"=""0393316211""","=""9780393316216""",0,4.08,W. W. Norton & Company,Paperback,256,1997,1978,,2024/11/14,to-read,to-read (#66),to-read,,,,0,0
11797414,Overdressed: The Shockingly High Cost of Cheap Fashion,Elizabeth L. Cline,"Cline, Elizabeth L.",,"=""1591844614""","=""9781591844617""",0,3.82,Portfolio Hardcover,Hardcover,244,2012,2012,,2024/11/13,to-read,to-read (#65),to-read,,,,0,0
43671670,Fashionopolis: The Price of Fast Fashion and the Future of Clothes,Dana Thomas,"Thomas, Dana",,"=""0735224013""","=""9780735224018""",0,3.89,Penguin Press,Hardcover,320,2019,2019,,2024/11/13,to-read,to-read (#64),to-read,,,,0,0
179941388,Murder at Bletchley Park (Blind Detective #8),Christina Koning,"Koning, Christina",,"=""0749030631""","=""9780749030636""",0,3.83,Allison & Busby,Kindle Edition,284,2023,,,2024/11/02,to-read,to-read (#63),to-read,,,,0,0
195820702,Lessons from the Climate Anxiety Counseling Booth: How to Live with Care and Purpose in an Endangered World,Kate Schapira,"Schapira, Kate",,"=""0306831678""","=""9780306831676""",0,4.02,Balance,Hardcover,256,2024,,,2024/11/02,to-read,to-read (#62),to-read,,,,0,0
38095281,"The Darkest Web: Drugs, Death and Destroyed Lives... The Inside Story of the Internet's Evil Twin",Eileen Ormsby,"Ormsby, Eileen",,"=""1760635510""","=""9781760635510""",0,3.95,Allen & Unwin,Kindle Edition,304,2018,2018,,2024/10/27,to-read,to-read (#61),to-read,,,,0,0
210260190,In Hot Water: Inside the battle to save the Great Barrier Reef,Paul E. Hardisty,"Hardisty, Paul E.",,"=""192304673X""","=""9781923046733""",0,4.60,Affirm Press,Kindle Edition,306,2024,,,2024/10/05,to-read,to-read (#60),to-read,,,,0,0
203138734,The Great Aussie Road Trip - New Back Roads book from the host of the popular ABC TV series: 20 spectacular trips to take around our special land,Heather Ewart,"Ewart, Heather",,"=""1460716930""","=""9781460716939""",0,4.38,ABC Books,Kindle Edition,308,2024,,,2024/10/05,to-read,to-read (#59),to-read,,,,0,0
205127356,Power of Balance: A Life of Changemaking,Kerryn Phelps,"Phelps, Kerryn",,"=""1743589409""","=""9781743589403""",0,3.75,Hardie Grant Books,Kindle Edition,341,2024,,,2024/10/05,to-read,to-read (#58),to-read,,,,0,0
200298038,How the World Ran Out of Everything: Inside the Global Supply Chain,Peter S. Goodman,"Goodman, Peter S.",,"=""0063257920""","=""9780063257924""",0,4.07,Mariner Books,Hardcover,416,2024,,,2024/10/05,to-read,to-read (#57),to-read,,,,0,0
205194469,How To Not Work Forever: Start Investing and Build a Life You Love,Natasha Etschmann,"Etschmann, Natasha",Ana Kresina,"=""1394248865""","=""9781394248865""",0,4.05,Wiley,Paperback,304,2024,,,2024/10/05,to-read,to-read (#56),to-read,,,,0,0
62563095,Wildlife in the Balance: Why animals are humanity's best hope,Simon Mustoe,"Mustoe, Simon",,"=""0645453501""","=""9780645453508""",0,4.42,Wildiaries,Paperback,346,2022,,,2024/10/05,to-read,to-read (#55),to-read,,,,0,0
176443397,"Vulture Capitalism: Corporate Crimes, Backdoor Bailouts, and the Death of Freedom",Grace Blakeley,"Blakeley, Grace",,"=""1982180854""","=""9781982180850""",0,4.15,Atria Books,Hardcover,360,2024,2024,,2024/10/05,to-read,to-read (#54),to-read,,,,0,0
203205842,Wear Next: Fashioning the future,Clare Press,"Press, Clare",,"=""1760763187""","=""9781760763183""",0,4.39,Thames & Hudson Australia,Kindle Edition,335,2023,,,2024/10/03,to-read,to-read (#53),to-read,,,,0,0
52845775,Minor Feelings: An Asian American Reckoning,Cathy Park Hong,"Hong, Cathy Park",,"=""1984820362""","=""9781984820365""",0,4.19,One World,Hardcover,209,2020,2020,,2024/09/27,to-read,to-read (#52),to-read,,,,0,0
60504972,An Immigrant's Love Letter to the West,Konstantin Kisin,"Kisin, Konstantin",,"=""1408716046""","=""9781408716045""",0,4.25,Constable,Hardcover,288,2022,2022,,2024/09/27,to-read,to-read (#51),to-read,,,,0,0
216376190,Stronger Together: Women in Cybersecurity,David Meece,"Meece, David","Emily Zakkak, Lynn Dohm, Gabrielle Botbol","=""""","=""9798218430115""",0,0.0,"Cybertech Dave Consulting, LLC",Paperback,377,2024,,,2024/09/11,to-read,to-read (#50),to-read,,,,0,0
12661583,"Simple Numbers, Straight Talk, Big Profits!: 4 Keys to Unlock Your Business Potential",Greg Crabtree,"Crabtree, Greg",Beverly Blair Harzog,"=""1608320561""","=""9781608320561""",0,4.16,MJ Lane Publishing,Hardcover,200,2011,2011,,2024/09/10,to-read,to-read (#49),to-read,,,,0,0
1258489,The Ultimate Sales Machine: Turbocharge Your Business with Relentless Focus on 12 Key Strategies,Chet Holmes,"Holmes, Chet",,"=""1591841607""","=""9781591841609""",0,3.97,Portfolio,Hardcover,272,2007,2007,,2024/09/10,to-read,to-read (#48),to-read,,,,0,0
48691943,The Great CEO Within: The Tactical Guide to Company Building,Matt Mochary,"Mochary, Matt",,"=""0578599295""","=""9780578599298""",0,4.34,Mochary Films,Kindle Edition,200,2019,,,2024/09/10,to-read,to-read (#47),to-read,,,,0,0
13152287,Bringing Up Bébé: One American Mother Discovers the Wisdom of French Parenting,Pamela Druckerman,"Druckerman, Pamela",Abby Craden,"=""0449010880""","=""9780449010884""",0,4.02,Random House Audio,Audiobook,10,2012,2012,,2024/09/10,to-read,to-read (#46),to-read,,,,0,0
33027982,Real Artists Don't Starve: Timeless Strategies for,Jeff Goins,"Goins, Jeff",,"=""0718086287""","=""9780718086282""",0,3.98,HarperCollins Leadership,ebook,240,2017,2017,,2024/09/10,to-read,to-read (#45),to-read,,,,0,0
32994,Maverick: The Success Story Behind the World's Most Unusual Workplace,Ricardo Semler,"Semler, Ricardo",,"=""0712678867""","=""9780712678865""",0,4.10,Random House,Paperback,316,2001,1988,,2024/09/10,to-read,to-read (#44),to-read,,,,0,0
1999475,A Million Miles in a Thousand Years: What I Learned While Editing My Life,Donald Miller,"Miller, Donald",,"=""0785213066""","=""9780785213062""",0,4.13,Thomas Nelson,Hardcover,255,2009,2009,,2024/09/10,to-read,to-read (#43),to-read,,,,0,0
615570,The Artist's Way: A Spiritual Path to Higher Creativity,Julia Cameron,"Cameron, Julia",,"=""1585421464""","=""9781585421466""",0,3.95,Jeremy P. Tarcher,Paperback,237,2002,2002,,2024/09/10,to-read,to-read (#42),to-read,,,,0,0
199017130,The Diary of a CEO: The 33 Laws of Business and Life,Steven Bartlett,"Bartlett, Steven",,"=""0593715837""","=""9780593715833""",0,4.17,Portfolio,Hardcover,368,2023,,,2024/09/10,to-read,to-read (#41),to-read,,,,0,0
145624504,Million Dollar Weekend: The Surprisingly Simple Way to Launch a 7-Figure Business in 48 Hours,Noah Kagan,"Kagan, Noah",,"=""059353977X""","=""9780593539774""",0,4.13,Portfolio,Hardcover,240,2024,,,2024/09/10,to-read,to-read (#40),to-read,,,,0,0
209455833,Main Street Millionaire: How to Make Extraordinary Wealth Buying Ordinary Businesses,Codie Sanchez,"Sanchez, Codie",,"=""0593718615""","=""9780593718612""",0,4.43,Portfolio,Hardcover,272,2024,2024,,2024/09/10,to-read,to-read (#39),to-read,,,,0,0
29430070,"The Malice of Waves (Cal McGill, Sea Detective #3)",Mark Douglas-Home,"Douglas-Home, Mark",,"=""140592361X""","=""9781405923613""",0,4.01,Penguin Books,Paperback,290,2018,2016,,2024/09/06,to-read,to-read (#38),to-read,,,,0,0
6148028,"Catching Fire (The Hunger Games, #2)",Suzanne Collins,"Collins, Suzanne",,"=""0439023491""","=""9780439023498""",0,4.35,Scholastic Press,Hardcover,391,2009,2009,,2024/09/06,to-read,to-read (#37),to-read,,,,0,0
10600242,How to Be a Woman,Caitlin Moran,"Moran, Caitlin",,"=""0091940737""","=""9780091940737""",0,3.71,Ebury Press,Paperback,312,2011,2011,,2024/09/06,to-read,to-read (#36),to-read,,,,0,0
616141,Class Action: The Story of Lois Jenson and the Landmark Case that Changed Sexual Harassment Law,Clara Bingham,"Bingham, Clara",Laura Leedy Gansler,"=""0385496125""","=""9780385496124""",0,4.00,Doubleday,Hardcover,400,2002,2002,,2024/09/04,to-read,to-read (#35),to-read,,,,0,0
22635869,"Healthy Brain, Happy Life",Wendy Suzuki,"Suzuki, Wendy",Billie Fitzpatrick,"=""0062366785""","=""9780062366788""",0,3.65,Dey Street Books,Hardcover,320,2015,2015,,2024/08/17,to-read,to-read (#34),to-read,,,,0,0
56898249,Good Anxiety: Harnessing the Power of the Most Misunderstood Emotion,Wendy Suzuki,"Suzuki, Wendy",,"=""1982170735""","=""9781982170738""",0,3.57,Atria Books,Hardcover,304,2021,,,2024/08/17,to-read,to-read (#33),to-read,,,,0,0
54814834,Under a White Sky: The Nature of the Future,Elizabeth Kolbert,"Kolbert, Elizabeth",,"=""0593136276""","=""9780593136270""",0,4.10,Crown,Hardcover,234,2021,2021,,2024/08/05,to-read,to-read (#32),to-read,,,,0,0
205975274,Gender Identity: Lies and Dangers,Laura Lecuona,"Lecuona, Laura",,"=""1925950905""","=""9781925950908""",0,3.50,Spinifex Press,Paperback,400,2024,,,2024/07/14,to-read,to-read (#31),to-read,,,,0,0
199344841,"Smart, Not Loud: How to Get Noticed at Work for All the Right Reasons",Jessica   Chen,"Chen, Jessica",,"=""0593717686""","=""9780593717684""",0,3.96,Portfolio,Hardcover,272,2024,,,2024/07/10,to-read,to-read (#30),to-read,,,,0,0
30653988,"Beyond the Label: Women, Leadership, and Success on Our Own Terms",Maureen Chiquet,"Chiquet, Maureen",,"=""0062655701""","=""9780062655707""",0,3.79,Harper Business,Hardcover,288,2017,,,2024/07/04,to-read,to-read (#29),to-read,,,,0,0
12160839,Mad Women: The Other Side of Life on Madison Avenue in the '60s and Beyond,Jane Maas,"Maas, Jane",,"=""0312640234""","=""9780312640231""",0,3.48,Thomas Dunne Books,Hardcover,272,2012,2012,,2024/07/04,to-read,to-read (#28),to-read,,,,0,0
30255672,Own It: The Power of Women at Work,Sallie Krawcheck,"Krawcheck, Sallie",,"=""0735207232""","=""9780735207233""",0,4.02,Books on Tape,Audio CD,,2017,2017,,2024/07/04,to-read,to-read (#27),to-read,,,,0,0
57499853,"My Life in Full: Work, Family, and Our Future",Indra  Nooyi,"Nooyi, Indra",,"=""059319179X""","=""9780593191798""",0,4.24,Portfolio,Hardcover,320,2021,2021,,2024/07/04,to-read,to-read (#26),to-read,,,,0,0
62192519,The Good Enough Job: Reclaiming Life from Work,Simone Stolzoff,"Stolzoff, Simone",,"=""059353896X""","=""9780593538968""",0,4.13,Portfolio,Hardcover,272,2023,2023,,2024/07/03,to-read,to-read (#25),to-read,,,,0,0
122524142,For Girls Who Walk Through Fire,Kim  DeRose,"DeRose, Kim",,"=""1454948876""","=""9781454948872""",0,3.97,Union Square and Co,Hardcover,320,2023,2023,,2024/07/01,to-read,to-read (#24),to-read,,,,0,0
209360229,The New Cold War: How the Contest Between the US and China Will Shape Our Century,Robin Niblett,"Niblett, Robin",,"=""1805462113""","=""9781805462118""",0,3.96,Atlantic Books,Paperback,192,2024,,,2024/07/01,to-read,to-read (#23),to-read,,,,0,0
12667041,My Adventures With Your Money,George Graham Rice,"Rice, George Graham",,"=""091381475X""","=""9780913814758""",0,3.92,Nevada Pubns,Hardcover,332,1986,1986,,2024/06/24,to-read,to-read (#22),to-read,,,,0,0
10922215,The Olympic Dam Story,David Upton,"Upton, David",,"=""0646543814""","=""9780646543819""",0,3.70,,Paperback,180,2010,2010,,2024/06/24,to-read,to-read (#21),to-read,,,,0,0
6848983,The Big Fella: The Rise and Rise of BHP Billiton,Peter     Thompson,"Thompson, Peter",Robert Macklin,"=""1741667100""","=""9781741667103""",0,3.74,Random House Australia,Hardcover,518,2010,2009,,2024/06/24,to-read,to-read (#20),to-read,,,,0,0
56178662,"IF YOU DON'T DO POLITICS, POLITICS WILL DO YOU…: A guide to navigating office politics effectively and ethically. (And yes, it is possible.)",Niven Postma,"Postma, Niven",,"=""1869228731""","=""9781869228736""",0,4.26,Niven Postma,Kindle Edition,151,2020,,,2024/06/19,to-read,to-read (#19),to-read,,,,0,0
13099738,Steal Like an Artist: 10 Things Nobody Told You About Being Creative,Austin Kleon,"Kleon, Austin",,"=""0761169253""","=""9780761169253""",0,3.96,Workman Publishing Company,Paperback,160,2012,2012,,2024/06/11,to-read,to-read (#18),to-read,,,,0,0
33163365,Cici's Journal: The Adventures of a Writer-In-Training,Joris Chamblain,"Chamblain, Joris",Aurélie Neyret,"=""162672248X""","=""9781626722484""",4,4.00,First Second,Hardcover,150,2017,2017,2024/06/11,2024/06/11,,,read,最近不知道什么人在瞎传说《Cici‘s journal》这本书是雅思单词书之类的，说的有鼻子有眼的。刚好图书馆就有，当天就借来看了下。我虽然没考过雅思（背过一段时间的王陆的单词书）但是也知道这不可能是雅思级别的词汇好么！<br/><br/>但是这本漫画书还是挺好看的。分为上下2个故事，我喜欢第一个故事里的瑰丽想象，但更喜欢第二个故事里的爱与成长。<br/><br/>而且这本书的排版和设计都很可爱，喜欢那种手写的字体，但是漫画对话全部都是大写字母真的看得我很累，主要还是不习惯吧,,,1,0
195790649,Very Bad Company,Emma Rosenblum,"Rosenblum, Emma",,"=""1250906555""","=""9781250906557""",0,3.26,Flatiron Books,Hardcover,272,2024,2024,,2024/06/10,to-read,to-read (#17),to-read,,,,0,0
254865,"The Road Less Travelled: A New Psychology of Love, Traditional Values and Spiritual Growth",M. Scott Peck,"Peck, M. Scott",,"=""0712661158""","=""9780712661157""",0,4.08,Random House,Paperback,320,2003,1978,,2024/06/09,to-read,to-read (#16),to-read,,,,0,0
61214136,The Collected Regrets of Clover,Mikki Brammer,"Brammer, Mikki",,"=""1250284392""","=""9781250284396""",0,4.16,St Martin's Press,Hardcover,320,2023,2023,,2024/06/09,to-read,to-read (#15),to-read,,,,0,0
202105141,"My Favourite Mistake (Walsh Family, #7)",Marian Keyes,"Keyes, Marian",,"=""1405945443""","=""9781405945448""",0,3.88,Penguin,Kindle Edition,599,2024,2024,,2024/06/09,to-read,to-read (#14),to-read,,,,0,0
112974860,How to Know a Person: The Art of Seeing Others Deeply and Being Deeply Seen,David  Brooks,"Brooks, David",,"=""059323006X""","=""9780593230084""",0,4.06,Random House,Kindle Edition,304,2023,2023,,2024/06/09,to-read,to-read (#13),to-read,,,,0,0
42424403,"Stepping Stones (Peapod Farm, #1)",Lucy Knisley,"Knisley, Lucy",,"=""""","=""""",4,4.02,Random House Graphic,Unknown Binding,224,2020,2020,2024/06/09,2024/06/08,,,read,"我愿称之为：英文漫画版·全女·农场主题·《家有儿女》<br/>阅读过程很轻松愉快，1小时即可读完。<br/>多少也学了点新单词新句子：<br/>hideout<br/>eye roll<br/>rundown<br/>toad<br/>Tantrum<br/>chicken scratch<br/>jerkface<br/><br/>that doesn't count.<br/>I can sneak up on it.<br/>Miss drama Queen.<br/>She is such a mean, bossy, Know-it-all.<br/>He bugs me<br/>cut it out",,,1,0
2767052,"The Hunger Games (The Hunger Games, #1)",Suzanne Collins,"Collins, Suzanne",,"=""0439023483""","=""9780439023481""",0,4.35,Scholastic Press,Hardcover,374,2008,2008,,2024/06/08,to-read,to-read (#12),to-read,,,,0,0
38746485,Becoming,Michelle Obama,"Obama, Michelle",,"=""1524763136""","=""9781524763138""",0,4.44,Crown,Hardcover,448,2018,2018,,2024/06/08,to-read,to-read (#11),to-read,,,,0,0
61111247,Liliana's Invincible Summer: A Sister's Search for Justice,Cristina Rivera Garza,"Garza, Cristina Rivera",,"=""0593244095""","=""9780593244098""",0,4.32,Hogarth,Hardcover,320,2023,2021,,2024/06/06,to-read,to-read (#10),to-read,,,,0,0
37803655,Ida,Katharina Adler,"Adler, Katharina",,"=""3498000934""","=""9783498000936""",0,3.50,Rowohlt,Hardcover,508,2018,2018,,2024/06/06,to-read,to-read (#9),to-read,,,,0,0
36645916,RetroSuburbia,David Holmgren,"Holmgren, David",,"=""""","=""""",0,4.51,Melliodora,Paperback,500,2018,,,2024/04/30,to-read,to-read (#8),to-read,,,,0,0
51205436,Unbound: A Woman’s Guide To Power,Kasia Urbaniak,"Urbaniak, Kasia",,"=""1785042882""","=""9781785042881""",0,4.36,Vermilion,Paperback,288,2020,,,2024/04/28,to-read,to-read (#7),to-read,,,,0,0
60021476,"Listen, World!: How the Intrepid Elsie Robinson Became America’s Most-Read Woman",Julia Scheeres,"Scheeres, Julia",Allison Gilbert,"=""1541674359""","=""9781541674356""",0,4.24,Seal Press,Hardcover,352,2022,,,2024/04/13,to-read,to-read (#6),to-read,,,,0,0
23013953,Gut: The Inside Story of Our Body's Most Underrated Organ,Giulia Enders,"Enders, Giulia",Jill Enders,"=""1771641495""","=""9781771641494""",0,4.08,Greystone Books,Paperback,273,2015,2014,,2024/04/11,to-read,to-read (#5),to-read,,,,0,0
4865,How to Win Friends & Influence People,Dale Carnegie,"Carnegie, Dale",,"=""""","=""""",0,4.22,Gallery Books,Paperback,288,1998,1936,,2024/04/08,to-read,to-read (#4),to-read,,,,0,0
35959613,How to American: An Immigrant's Guide to Disappointing Your Parents,Jimmy O. Yang,"Yang, Jimmy O.",,"=""0306903490""","=""9780306903496""",0,4.02,Grand Central Publishing,Hardcover,240,2018,2018,,2024/04/07,to-read,to-read (#3),to-read,,,,0,0
45420335,Penny Wong: Passion and Principle,Margaret Simons,"Simons, Margaret",,"=""1760640859""","=""9781760640859""",0,4.10,Black Inc.,Paperback,320,2019,2019,,2024/04/07,to-read,to-read (#2),to-read,,,,0,0
310146,The True Confessions of Charlotte Doyle,Avi,"Avi, Avi",,"=""0380714752""","=""9780380714759""",0,3.86,Harpercollins Childrens Books,Mass Market Paperback,232,1992,1990,,2023/04/04,to-read,to-read (#1),to-read,,,,0,0
